{"cameraMode":{"drawMode":0,"name":"Shaded","section":"Shading Mode"},"sceneLighting":true,"audioPlay":false,"sceneViewState":{"showFog":true,"showMaterialUpdate":false,"showSkybox":false,"showFlares":true,"showImageEffects":true,"showParticleSystems":true},"in2DMode":false,"pivot":{"x":-0.8665006160736084,"y":-19.83851432800293,"z":57.879615783691409},"rotation":{"x":0.19069945812225343,"y":-0.03809932619333267,"z":0.008297702297568322,"w":0.9811996817588806},"size":44.37367248535156,"orthographic":false}